application_key,facility,parameter,monitoring_period,change,fields_changed,before_comparison,after_comparison,before_monitoring,after_monitoring,before_evidence,after_evidence,before_unresolved,after_unresolved,semantic_relation,grounding_pointer,before_state,after_state
measurement:dmr_form_value_id=3920700840,NM0028762,00400,2024-10-31,field_delta,"monitoring_status,evidence_status,unresolved_reason,monitoring_condition",WITHIN_LIMIT,WITHIN_LIMIT,UNRESOLVED_SEMANTIC,UNRESOLVED_FACTUAL,UNRESOLVED_SEMANTIC,UNRESOLVED_FACTUAL,conditional_discharge_dependent_monitoring;limit_sample_type_code;monitoring_frequency_code;permit_limit_comment_text,discharge_occurrence_in_period;limit_sample_type_code;monitoring_frequency_code,monitoring_requirement_fy2025 / discharge_occurrence_in_period,,state_a,state_b
measurement:dmr_form_value_id=3920700841,NM0028762,00400,2024-10-31,field_delta,"monitoring_status,evidence_status,unresolved_reason,monitoring_condition",WITHIN_LIMIT,WITHIN_LIMIT,UNRESOLVED_SEMANTIC,UNRESOLVED_FACTUAL,UNRESOLVED_SEMANTIC,UNRESOLVED_FACTUAL,conditional_discharge_dependent_monitoring;limit_sample_type_code;monitoring_frequency_code;permit_limit_comment_text,discharge_occurrence_in_period;limit_sample_type_code;monitoring_frequency_code,monitoring_requirement_fy2025 / discharge_occurrence_in_period,,state_a,state_b
measurement:dmr_form_value_id=3920700842,NM0028762,00530,2024-10-31,field_delta,"monitoring_status,evidence_status,unresolved_reason,monitoring_condition",WITHIN_LIMIT,WITHIN_LIMIT,UNRESOLVED_SEMANTIC,UNRESOLVED_FACTUAL,UNRESOLVED_SEMANTIC,UNRESOLVED_FACTUAL,conditional_discharge_dependent_monitoring;limit_sample_type_code;monitoring_frequency_code;permit_limit_comment_text,discharge_occurrence_in_period;limit_sample_type_code;monitoring_frequency_code,monitoring_requirement_fy2025 / discharge_occurrence_in_period,,state_a,state_b
measurement:dmr_form_value_id=3920700843,NM0028762,00530,2024-10-31,field_delta,"monitoring_status,evidence_status,unresolved_reason,monitoring_condition",WITHIN_LIMIT,WITHIN_LIMIT,UNRESOLVED_SEMANTIC,UNRESOLVED_FACTUAL,UNRESOLVED_SEMANTIC,UNRESOLVED_FACTUAL,conditional_discharge_dependent_monitoring;limit_sample_type_code;monitoring_frequency_code;permit_limit_comment_text,discharge_occurrence_in_period;limit_sample_type_code;monitoring_frequency_code,monitoring_requirement_fy2025 / discharge_occurrence_in_period,,state_a,state_b
measurement:dmr_form_value_id=3920700844,NM0028762,00530,2024-10-31,field_delta,"monitoring_status,evidence_status,unresolved_reason,monitoring_condition",NOT_NUMERIC_CANDIDATE,NOT_NUMERIC_CANDIDATE,UNRESOLVED_SEMANTIC,UNRESOLVED_FACTUAL,UNRESOLVED_SEMANTIC,UNRESOLVED_FACTUAL,conditional_discharge_dependent_monitoring;limit_sample_type_code;monitoring_frequency_code;permit_limit_comment_text,discharge_occurrence_in_period;limit_sample_type_code;monitoring_frequency_code,monitoring_requirement_fy2025 / discharge_occurrence_in_period,,state_a,state_b
measurement:dmr_form_value_id=3920700845,NM0028762,00530,2024-10-31,field_delta,"monitoring_status,evidence_status,unresolved_reason,monitoring_condition",NOT_NUMERIC_CANDIDATE,NOT_NUMERIC_CANDIDATE,UNRESOLVED_SEMANTIC,UNRESOLVED_FACTUAL,UNRESOLVED_SEMANTIC,UNRESOLVED_FACTUAL,conditional_discharge_dependent_monitoring;limit_sample_type_code;monitoring_frequency_code;permit_limit_comment_text,discharge_occurrence_in_period;limit_sample_type_code;monitoring_frequency_code,monitoring_requirement_fy2025 / discharge_occurrence_in_period,,state_a,state_b
measurement:dmr_form_value_id=3920700846,NM0028762,50050,2024-10-31,field_delta,"monitoring_status,evidence_status,unresolved_reason,monitoring_condition",NOT_NUMERIC_CANDIDATE,NOT_NUMERIC_CANDIDATE,UNRESOLVED_SEMANTIC,UNRESOLVED_FACTUAL,UNRESOLVED_SEMANTIC,UNRESOLVED_FACTUAL,conditional_discharge_dependent_monitoring;limit_sample_type_code;monitoring_frequency_code;permit_limit_comment_text,discharge_occurrence_in_period;limit_sample_type_code;monitoring_frequency_code,monitoring_requirement_fy2025 / discharge_occurrence_in_period,,state_a,state_b
measurement:dmr_form_value_id=3920700847,NM0028762,50050,2024-10-31,field_delta,"monitoring_status,evidence_status,unresolved_reason,monitoring_condition",NOT_NUMERIC_CANDIDATE,NOT_NUMERIC_CANDIDATE,UNRESOLVED_SEMANTIC,UNRESOLVED_FACTUAL,UNRESOLVED_SEMANTIC,UNRESOLVED_FACTUAL,conditional_discharge_dependent_monitoring;limit_sample_type_code;monitoring_frequency_code;permit_limit_comment_text,discharge_occurrence_in_period;limit_sample_type_code;monitoring_frequency_code,monitoring_requirement_fy2025 / discharge_occurrence_in_period,,state_a,state_b
measurement:dmr_form_value_id=3920700848,NM0028762,50060,2024-10-31,field_delta,"monitoring_status,evidence_status,unresolved_reason,monitoring_condition",WITHIN_LIMIT,WITHIN_LIMIT,UNRESOLVED_SEMANTIC,UNRESOLVED_FACTUAL,UNRESOLVED_SEMANTIC,UNRESOLVED_FACTUAL,conditional_discharge_dependent_monitoring;limit_sample_type_code;monitoring_frequency_code;permit_limit_comment_text,discharge_occurrence_in_period;limit_sample_type_code;monitoring_frequency_code,monitoring_requirement_fy2025 / discharge_occurrence_in_period,,state_a,state_b
measurement:dmr_form_value_id=3920700851,NM0028762,00400,2024-11-30,field_delta,"monitoring_status,evidence_status,unresolved_reason,monitoring_condition",WITHIN_LIMIT,WITHIN_LIMIT,UNRESOLVED_SEMANTIC,UNRESOLVED_FACTUAL,UNRESOLVED_SEMANTIC,UNRESOLVED_FACTUAL,conditional_discharge_dependent_monitoring;limit_sample_type_code;monitoring_frequency_code;permit_limit_comment_text,discharge_occurrence_in_period;limit_sample_type_code;monitoring_frequency_code,monitoring_requirement_fy2025 / discharge_occurrence_in_period,,state_a,state_b
measurement:dmr_form_value_id=3920700852,NM0028762,00400,2024-11-30,field_delta,"monitoring_status,evidence_status,unresolved_reason,monitoring_condition",WITHIN_LIMIT,WITHIN_LIMIT,UNRESOLVED_SEMANTIC,UNRESOLVED_FACTUAL,UNRESOLVED_SEMANTIC,UNRESOLVED_FACTUAL,conditional_discharge_dependent_monitoring;limit_sample_type_code;monitoring_frequency_code;permit_limit_comment_text,discharge_occurrence_in_period;limit_sample_type_code;monitoring_frequency_code,monitoring_requirement_fy2025 / discharge_occurrence_in_period,,state_a,state_b
measurement:dmr_form_value_id=3920700853,NM0028762,00530,2024-11-30,field_delta,"monitoring_status,evidence_status,unresolved_reason,monitoring_condition",WITHIN_LIMIT,WITHIN_LIMIT,UNRESOLVED_SEMANTIC,UNRESOLVED_FACTUAL,UNRESOLVED_SEMANTIC,UNRESOLVED_FACTUAL,conditional_discharge_dependent_monitoring;limit_sample_type_code;monitoring_frequency_code;permit_limit_comment_text,discharge_occurrence_in_period;limit_sample_type_code;monitoring_frequency_code,monitoring_requirement_fy2025 / discharge_occurrence_in_period,,state_a,state_b
measurement:dmr_form_value_id=3920700854,NM0028762,00530,2024-11-30,field_delta,"monitoring_status,evidence_status,unresolved_reason,monitoring_condition",WITHIN_LIMIT,WITHIN_LIMIT,UNRESOLVED_SEMANTIC,UNRESOLVED_FACTUAL,UNRESOLVED_SEMANTIC,UNRESOLVED_FACTUAL,conditional_discharge_dependent_monitoring;limit_sample_type_code;monitoring_frequency_code;permit_limit_comment_text,discharge_occurrence_in_period;limit_sample_type_code;monitoring_frequency_code,monitoring_requirement_fy2025 / discharge_occurrence_in_period,,state_a,state_b
measurement:dmr_form_value_id=3920700855,NM0028762,00530,2024-11-30,field_delta,"monitoring_status,evidence_status,unresolved_reason,monitoring_condition",NOT_NUMERIC_CANDIDATE,NOT_NUMERIC_CANDIDATE,UNRESOLVED_SEMANTIC,UNRESOLVED_FACTUAL,UNRESOLVED_SEMANTIC,UNRESOLVED_FACTUAL,conditional_discharge_dependent_monitoring;limit_sample_type_code;monitoring_frequency_code;permit_limit_comment_text,discharge_occurrence_in_period;limit_sample_type_code;monitoring_frequency_code,monitoring_requirement_fy2025 / discharge_occurrence_in_period,,state_a,state_b
measurement:dmr_form_value_id=3920700856,NM0028762,00530,2024-11-30,field_delta,"monitoring_status,evidence_status,unresolved_reason,monitoring_condition",NOT_NUMERIC_CANDIDATE,NOT_NUMERIC_CANDIDATE,UNRESOLVED_SEMANTIC,UNRESOLVED_FACTUAL,UNRESOLVED_SEMANTIC,UNRESOLVED_FACTUAL,conditional_discharge_dependent_monitoring;limit_sample_type_code;monitoring_frequency_code;permit_limit_comment_text,discharge_occurrence_in_period;limit_sample_type_code;monitoring_frequency_code,monitoring_requirement_fy2025 / discharge_occurrence_in_period,,state_a,state_b
measurement:dmr_form_value_id=3920700857,NM0028762,50050,2024-11-30,field_delta,"monitoring_status,evidence_status,unresolved_reason,monitoring_condition",NOT_NUMERIC_CANDIDATE,NOT_NUMERIC_CANDIDATE,UNRESOLVED_SEMANTIC,UNRESOLVED_FACTUAL,UNRESOLVED_SEMANTIC,UNRESOLVED_FACTUAL,conditional_discharge_dependent_monitoring;limit_sample_type_code;monitoring_frequency_code;permit_limit_comment_text,discharge_occurrence_in_period;limit_sample_type_code;monitoring_frequency_code,monitoring_requirement_fy2025 / discharge_occurrence_in_period,,state_a,state_b
measurement:dmr_form_value_id=3920700858,NM0028762,50050,2024-11-30,field_delta,"monitoring_status,evidence_status,unresolved_reason,monitoring_condition",NOT_NUMERIC_CANDIDATE,NOT_NUMERIC_CANDIDATE,UNRESOLVED_SEMANTIC,UNRESOLVED_FACTUAL,UNRESOLVED_SEMANTIC,UNRESOLVED_FACTUAL,conditional_discharge_dependent_monitoring;limit_sample_type_code;monitoring_frequency_code;permit_limit_comment_text,discharge_occurrence_in_period;limit_sample_type_code;monitoring_frequency_code,monitoring_requirement_fy2025 / discharge_occurrence_in_period,,state_a,state_b
measurement:dmr_form_value_id=3920700859,NM0028762,50060,2024-11-30,field_delta,"monitoring_status,evidence_status,unresolved_reason,monitoring_condition",WITHIN_LIMIT,WITHIN_LIMIT,UNRESOLVED_SEMANTIC,UNRESOLVED_FACTUAL,UNRESOLVED_SEMANTIC,UNRESOLVED_FACTUAL,conditional_discharge_dependent_monitoring;limit_sample_type_code;monitoring_frequency_code;permit_limit_comment_text,discharge_occurrence_in_period;limit_sample_type_code;monitoring_frequency_code,monitoring_requirement_fy2025 / discharge_occurrence_in_period,,state_a,state_b
measurement:dmr_form_value_id=3920700862,NM0028762,00400,2024-12-31,field_delta,"monitoring_status,evidence_status,unresolved_reason,monitoring_condition",WITHIN_LIMIT,WITHIN_LIMIT,UNRESOLVED_SEMANTIC,UNRESOLVED_FACTUAL,UNRESOLVED_SEMANTIC,UNRESOLVED_FACTUAL,conditional_discharge_dependent_monitoring;limit_sample_type_code;monitoring_frequency_code;permit_limit_comment_text,discharge_occurrence_in_period;limit_sample_type_code;monitoring_frequency_code,monitoring_requirement_fy2025 / discharge_occurrence_in_period,,state_a,state_b
measurement:dmr_form_value_id=3920700863,NM0028762,00400,2024-12-31,field_delta,"monitoring_status,evidence_status,unresolved_reason,monitoring_condition",WITHIN_LIMIT,WITHIN_LIMIT,UNRESOLVED_SEMANTIC,UNRESOLVED_FACTUAL,UNRESOLVED_SEMANTIC,UNRESOLVED_FACTUAL,conditional_discharge_dependent_monitoring;limit_sample_type_code;monitoring_frequency_code;permit_limit_comment_text,discharge_occurrence_in_period;limit_sample_type_code;monitoring_frequency_code,monitoring_requirement_fy2025 / discharge_occurrence_in_period,,state_a,state_b
measurement:dmr_form_value_id=3920700864,NM0028762,00530,2024-12-31,field_delta,"monitoring_status,evidence_status,unresolved_reason,monitoring_condition",WITHIN_LIMIT,WITHIN_LIMIT,UNRESOLVED_SEMANTIC,UNRESOLVED_FACTUAL,UNRESOLVED_SEMANTIC,UNRESOLVED_FACTUAL,conditional_discharge_dependent_monitoring;limit_sample_type_code;monitoring_frequency_code;permit_limit_comment_text,discharge_occurrence_in_period;limit_sample_type_code;monitoring_frequency_code,monitoring_requirement_fy2025 / discharge_occurrence_in_period,,state_a,state_b
measurement:dmr_form_value_id=3920700865,NM0028762,00530,2024-12-31,field_delta,"monitoring_status,evidence_status,unresolved_reason,monitoring_condition",WITHIN_LIMIT,WITHIN_LIMIT,UNRESOLVED_SEMANTIC,UNRESOLVED_FACTUAL,UNRESOLVED_SEMANTIC,UNRESOLVED_FACTUAL,conditional_discharge_dependent_monitoring;limit_sample_type_code;monitoring_frequency_code;permit_limit_comment_text,discharge_occurrence_in_period;limit_sample_type_code;monitoring_frequency_code,monitoring_requirement_fy2025 / discharge_occurrence_in_period,,state_a,state_b
measurement:dmr_form_value_id=3920700866,NM0028762,00530,2024-12-31,field_delta,"monitoring_status,evidence_status,unresolved_reason,monitoring_condition",NOT_NUMERIC_CANDIDATE,NOT_NUMERIC_CANDIDATE,UNRESOLVED_SEMANTIC,UNRESOLVED_FACTUAL,UNRESOLVED_SEMANTIC,UNRESOLVED_FACTUAL,conditional_discharge_dependent_monitoring;limit_sample_type_code;monitoring_frequency_code;permit_limit_comment_text,discharge_occurrence_in_period;limit_sample_type_code;monitoring_frequency_code,monitoring_requirement_fy2025 / discharge_occurrence_in_period,,state_a,state_b
measurement:dmr_form_value_id=3920700867,NM0028762,00530,2024-12-31,field_delta,"monitoring_status,evidence_status,unresolved_reason,monitoring_condition",NOT_NUMERIC_CANDIDATE,NOT_NUMERIC_CANDIDATE,UNRESOLVED_SEMANTIC,UNRESOLVED_FACTUAL,UNRESOLVED_SEMANTIC,UNRESOLVED_FACTUAL,conditional_discharge_dependent_monitoring;limit_sample_type_code;monitoring_frequency_code;permit_limit_comment_text,discharge_occurrence_in_period;limit_sample_type_code;monitoring_frequency_code,monitoring_requirement_fy2025 / discharge_occurrence_in_period,,state_a,state_b
measurement:dmr_form_value_id=3920700868,NM0028762,50050,2024-12-31,field_delta,"monitoring_status,evidence_status,unresolved_reason,monitoring_condition",NOT_NUMERIC_CANDIDATE,NOT_NUMERIC_CANDIDATE,UNRESOLVED_SEMANTIC,UNRESOLVED_FACTUAL,UNRESOLVED_SEMANTIC,UNRESOLVED_FACTUAL,conditional_discharge_dependent_monitoring;limit_sample_type_code;monitoring_frequency_code;permit_limit_comment_text,discharge_occurrence_in_period;limit_sample_type_code;monitoring_frequency_code,monitoring_requirement_fy2025 / discharge_occurrence_in_period,,state_a,state_b
measurement:dmr_form_value_id=3920700869,NM0028762,50050,2024-12-31,field_delta,"monitoring_status,evidence_status,unresolved_reason,monitoring_condition",NOT_NUMERIC_CANDIDATE,NOT_NUMERIC_CANDIDATE,UNRESOLVED_SEMANTIC,UNRESOLVED_FACTUAL,UNRESOLVED_SEMANTIC,UNRESOLVED_FACTUAL,conditional_discharge_dependent_monitoring;limit_sample_type_code;monitoring_frequency_code;permit_limit_comment_text,discharge_occurrence_in_period;limit_sample_type_code;monitoring_frequency_code,monitoring_requirement_fy2025 / discharge_occurrence_in_period,,state_a,state_b
measurement:dmr_form_value_id=3920700870,NM0028762,50060,2024-12-31,field_delta,"monitoring_status,evidence_status,unresolved_reason,monitoring_condition",WITHIN_LIMIT,WITHIN_LIMIT,UNRESOLVED_SEMANTIC,UNRESOLVED_FACTUAL,UNRESOLVED_SEMANTIC,UNRESOLVED_FACTUAL,conditional_discharge_dependent_monitoring;limit_sample_type_code;monitoring_frequency_code;permit_limit_comment_text,discharge_occurrence_in_period;limit_sample_type_code;monitoring_frequency_code,monitoring_requirement_fy2025 / discharge_occurrence_in_period,,state_a,state_b
measurement:dmr_form_value_id=3920700873,NM0028762,00400,2025-01-31,field_delta,"monitoring_status,evidence_status,unresolved_reason,monitoring_condition",WITHIN_LIMIT,WITHIN_LIMIT,UNRESOLVED_SEMANTIC,UNRESOLVED_FACTUAL,UNRESOLVED_SEMANTIC,UNRESOLVED_FACTUAL,conditional_discharge_dependent_monitoring;limit_sample_type_code;monitoring_frequency_code;permit_limit_comment_text,discharge_occurrence_in_period;limit_sample_type_code;monitoring_frequency_code,monitoring_requirement_fy2025 / discharge_occurrence_in_period,,state_a,state_b
measurement:dmr_form_value_id=3920700874,NM0028762,00400,2025-01-31,field_delta,"monitoring_status,evidence_status,unresolved_reason,monitoring_condition",WITHIN_LIMIT,WITHIN_LIMIT,UNRESOLVED_SEMANTIC,UNRESOLVED_FACTUAL,UNRESOLVED_SEMANTIC,UNRESOLVED_FACTUAL,conditional_discharge_dependent_monitoring;limit_sample_type_code;monitoring_frequency_code;permit_limit_comment_text,discharge_occurrence_in_period;limit_sample_type_code;monitoring_frequency_code,monitoring_requirement_fy2025 / discharge_occurrence_in_period,,state_a,state_b
measurement:dmr_form_value_id=3920700875,NM0028762,00530,2025-01-31,field_delta,"monitoring_status,evidence_status,unresolved_reason,monitoring_condition",WITHIN_LIMIT,WITHIN_LIMIT,UNRESOLVED_SEMANTIC,UNRESOLVED_FACTUAL,UNRESOLVED_SEMANTIC,UNRESOLVED_FACTUAL,conditional_discharge_dependent_monitoring;limit_sample_type_code;monitoring_frequency_code;permit_limit_comment_text,discharge_occurrence_in_period;limit_sample_type_code;monitoring_frequency_code,monitoring_requirement_fy2025 / discharge_occurrence_in_period,,state_a,state_b
measurement:dmr_form_value_id=3920700876,NM0028762,00530,2025-01-31,field_delta,"monitoring_status,evidence_status,unresolved_reason,monitoring_condition",WITHIN_LIMIT,WITHIN_LIMIT,UNRESOLVED_SEMANTIC,UNRESOLVED_FACTUAL,UNRESOLVED_SEMANTIC,UNRESOLVED_FACTUAL,conditional_discharge_dependent_monitoring;limit_sample_type_code;monitoring_frequency_code;permit_limit_comment_text,discharge_occurrence_in_period;limit_sample_type_code;monitoring_frequency_code,monitoring_requirement_fy2025 / discharge_occurrence_in_period,,state_a,state_b
measurement:dmr_form_value_id=3920700877,NM0028762,00530,2025-01-31,field_delta,"monitoring_status,evidence_status,unresolved_reason,monitoring_condition",NOT_NUMERIC_CANDIDATE,NOT_NUMERIC_CANDIDATE,UNRESOLVED_SEMANTIC,UNRESOLVED_FACTUAL,UNRESOLVED_SEMANTIC,UNRESOLVED_FACTUAL,conditional_discharge_dependent_monitoring;limit_sample_type_code;monitoring_frequency_code;permit_limit_comment_text,discharge_occurrence_in_period;limit_sample_type_code;monitoring_frequency_code,monitoring_requirement_fy2025 / discharge_occurrence_in_period,,state_a,state_b
measurement:dmr_form_value_id=3920700878,NM0028762,00530,2025-01-31,field_delta,"monitoring_status,evidence_status,unresolved_reason,monitoring_condition",NOT_NUMERIC_CANDIDATE,NOT_NUMERIC_CANDIDATE,UNRESOLVED_SEMANTIC,UNRESOLVED_FACTUAL,UNRESOLVED_SEMANTIC,UNRESOLVED_FACTUAL,conditional_discharge_dependent_monitoring;limit_sample_type_code;monitoring_frequency_code;permit_limit_comment_text,discharge_occurrence_in_period;limit_sample_type_code;monitoring_frequency_code,monitoring_requirement_fy2025 / discharge_occurrence_in_period,,state_a,state_b
measurement:dmr_form_value_id=3920700879,NM0028762,50050,2025-01-31,field_delta,"monitoring_status,evidence_status,unresolved_reason,monitoring_condition",NOT_NUMERIC_CANDIDATE,NOT_NUMERIC_CANDIDATE,UNRESOLVED_SEMANTIC,UNRESOLVED_FACTUAL,UNRESOLVED_SEMANTIC,UNRESOLVED_FACTUAL,conditional_discharge_dependent_monitoring;limit_sample_type_code;monitoring_frequency_code;permit_limit_comment_text,discharge_occurrence_in_period;limit_sample_type_code;monitoring_frequency_code,monitoring_requirement_fy2025 / discharge_occurrence_in_period,,state_a,state_b
measurement:dmr_form_value_id=3920700880,NM0028762,50050,2025-01-31,field_delta,"monitoring_status,evidence_status,unresolved_reason,monitoring_condition",NOT_NUMERIC_CANDIDATE,NOT_NUMERIC_CANDIDATE,UNRESOLVED_SEMANTIC,UNRESOLVED_FACTUAL,UNRESOLVED_SEMANTIC,UNRESOLVED_FACTUAL,conditional_discharge_dependent_monitoring;limit_sample_type_code;monitoring_frequency_code;permit_limit_comment_text,discharge_occurrence_in_period;limit_sample_type_code;monitoring_frequency_code,monitoring_requirement_fy2025 / discharge_occurrence_in_period,,state_a,state_b
measurement:dmr_form_value_id=3920700881,NM0028762,50060,2025-01-31,field_delta,"monitoring_status,evidence_status,unresolved_reason,monitoring_condition",WITHIN_LIMIT,WITHIN_LIMIT,UNRESOLVED_SEMANTIC,UNRESOLVED_FACTUAL,UNRESOLVED_SEMANTIC,UNRESOLVED_FACTUAL,conditional_discharge_dependent_monitoring;limit_sample_type_code;monitoring_frequency_code;permit_limit_comment_text,discharge_occurrence_in_period;limit_sample_type_code;monitoring_frequency_code,monitoring_requirement_fy2025 / discharge_occurrence_in_period,,state_a,state_b
measurement:dmr_form_value_id=3920700884,NM0028762,00400,2025-02-28,field_delta,"monitoring_status,evidence_status,unresolved_reason,monitoring_condition",WITHIN_LIMIT,WITHIN_LIMIT,UNRESOLVED_SEMANTIC,UNRESOLVED_FACTUAL,UNRESOLVED_SEMANTIC,UNRESOLVED_FACTUAL,conditional_discharge_dependent_monitoring;limit_sample_type_code;monitoring_frequency_code;permit_limit_comment_text,discharge_occurrence_in_period;limit_sample_type_code;monitoring_frequency_code,monitoring_requirement_fy2025 / discharge_occurrence_in_period,,state_a,state_b
measurement:dmr_form_value_id=3920700885,NM0028762,00400,2025-02-28,field_delta,"monitoring_status,evidence_status,unresolved_reason,monitoring_condition",WITHIN_LIMIT,WITHIN_LIMIT,UNRESOLVED_SEMANTIC,UNRESOLVED_FACTUAL,UNRESOLVED_SEMANTIC,UNRESOLVED_FACTUAL,conditional_discharge_dependent_monitoring;limit_sample_type_code;monitoring_frequency_code;permit_limit_comment_text,discharge_occurrence_in_period;limit_sample_type_code;monitoring_frequency_code,monitoring_requirement_fy2025 / discharge_occurrence_in_period,,state_a,state_b
measurement:dmr_form_value_id=3920700886,NM0028762,00530,2025-02-28,field_delta,"monitoring_status,evidence_status,unresolved_reason,monitoring_condition",WITHIN_LIMIT,WITHIN_LIMIT,UNRESOLVED_SEMANTIC,UNRESOLVED_FACTUAL,UNRESOLVED_SEMANTIC,UNRESOLVED_FACTUAL,conditional_discharge_dependent_monitoring;limit_sample_type_code;monitoring_frequency_code;permit_limit_comment_text,discharge_occurrence_in_period;limit_sample_type_code;monitoring_frequency_code,monitoring_requirement_fy2025 / discharge_occurrence_in_period,,state_a,state_b
measurement:dmr_form_value_id=3920700887,NM0028762,00530,2025-02-28,field_delta,"monitoring_status,evidence_status,unresolved_reason,monitoring_condition",WITHIN_LIMIT,WITHIN_LIMIT,UNRESOLVED_SEMANTIC,UNRESOLVED_FACTUAL,UNRESOLVED_SEMANTIC,UNRESOLVED_FACTUAL,conditional_discharge_dependent_monitoring;limit_sample_type_code;monitoring_frequency_code;permit_limit_comment_text,discharge_occurrence_in_period;limit_sample_type_code;monitoring_frequency_code,monitoring_requirement_fy2025 / discharge_occurrence_in_period,,state_a,state_b
measurement:dmr_form_value_id=3920700888,NM0028762,00530,2025-02-28,field_delta,"monitoring_status,evidence_status,unresolved_reason,monitoring_condition",NOT_NUMERIC_CANDIDATE,NOT_NUMERIC_CANDIDATE,UNRESOLVED_SEMANTIC,UNRESOLVED_FACTUAL,UNRESOLVED_SEMANTIC,UNRESOLVED_FACTUAL,conditional_discharge_dependent_monitoring;limit_sample_type_code;monitoring_frequency_code;permit_limit_comment_text,discharge_occurrence_in_period;limit_sample_type_code;monitoring_frequency_code,monitoring_requirement_fy2025 / discharge_occurrence_in_period,,state_a,state_b
measurement:dmr_form_value_id=3920700889,NM0028762,00530,2025-02-28,field_delta,"monitoring_status,evidence_status,unresolved_reason,monitoring_condition",NOT_NUMERIC_CANDIDATE,NOT_NUMERIC_CANDIDATE,UNRESOLVED_SEMANTIC,UNRESOLVED_FACTUAL,UNRESOLVED_SEMANTIC,UNRESOLVED_FACTUAL,conditional_discharge_dependent_monitoring;limit_sample_type_code;monitoring_frequency_code;permit_limit_comment_text,discharge_occurrence_in_period;limit_sample_type_code;monitoring_frequency_code,monitoring_requirement_fy2025 / discharge_occurrence_in_period,,state_a,state_b
measurement:dmr_form_value_id=3920700890,NM0028762,50050,2025-02-28,field_delta,"monitoring_status,evidence_status,unresolved_reason,monitoring_condition",NOT_NUMERIC_CANDIDATE,NOT_NUMERIC_CANDIDATE,UNRESOLVED_SEMANTIC,UNRESOLVED_FACTUAL,UNRESOLVED_SEMANTIC,UNRESOLVED_FACTUAL,conditional_discharge_dependent_monitoring;limit_sample_type_code;monitoring_frequency_code;permit_limit_comment_text,discharge_occurrence_in_period;limit_sample_type_code;monitoring_frequency_code,monitoring_requirement_fy2025 / discharge_occurrence_in_period,,state_a,state_b
measurement:dmr_form_value_id=3920700891,NM0028762,50050,2025-02-28,field_delta,"monitoring_status,evidence_status,unresolved_reason,monitoring_condition",NOT_NUMERIC_CANDIDATE,NOT_NUMERIC_CANDIDATE,UNRESOLVED_SEMANTIC,UNRESOLVED_FACTUAL,UNRESOLVED_SEMANTIC,UNRESOLVED_FACTUAL,conditional_discharge_dependent_monitoring;limit_sample_type_code;monitoring_frequency_code;permit_limit_comment_text,discharge_occurrence_in_period;limit_sample_type_code;monitoring_frequency_code,monitoring_requirement_fy2025 / discharge_occurrence_in_period,,state_a,state_b
measurement:dmr_form_value_id=3920700892,NM0028762,50060,2025-02-28,field_delta,"monitoring_status,evidence_status,unresolved_reason,monitoring_condition",WITHIN_LIMIT,WITHIN_LIMIT,UNRESOLVED_SEMANTIC,UNRESOLVED_FACTUAL,UNRESOLVED_SEMANTIC,UNRESOLVED_FACTUAL,conditional_discharge_dependent_monitoring;limit_sample_type_code;monitoring_frequency_code;permit_limit_comment_text,discharge_occurrence_in_period;limit_sample_type_code;monitoring_frequency_code,monitoring_requirement_fy2025 / discharge_occurrence_in_period,,state_a,state_b
measurement:dmr_form_value_id=3920700895,NM0028762,00400,2025-03-31,field_delta,"monitoring_status,evidence_status,unresolved_reason,monitoring_condition",WITHIN_LIMIT,WITHIN_LIMIT,UNRESOLVED_SEMANTIC,UNRESOLVED_FACTUAL,UNRESOLVED_SEMANTIC,UNRESOLVED_FACTUAL,conditional_discharge_dependent_monitoring;limit_sample_type_code;monitoring_frequency_code;permit_limit_comment_text,discharge_occurrence_in_period;limit_sample_type_code;monitoring_frequency_code,monitoring_requirement_fy2025 / discharge_occurrence_in_period,,state_a,state_b
measurement:dmr_form_value_id=3920700896,NM0028762,00400,2025-03-31,field_delta,"monitoring_status,evidence_status,unresolved_reason,monitoring_condition",WITHIN_LIMIT,WITHIN_LIMIT,UNRESOLVED_SEMANTIC,UNRESOLVED_FACTUAL,UNRESOLVED_SEMANTIC,UNRESOLVED_FACTUAL,conditional_discharge_dependent_monitoring;limit_sample_type_code;monitoring_frequency_code;permit_limit_comment_text,discharge_occurrence_in_period;limit_sample_type_code;monitoring_frequency_code,monitoring_requirement_fy2025 / discharge_occurrence_in_period,,state_a,state_b
measurement:dmr_form_value_id=3920700897,NM0028762,00530,2025-03-31,field_delta,"monitoring_status,evidence_status,unresolved_reason,monitoring_condition",WITHIN_LIMIT,WITHIN_LIMIT,UNRESOLVED_SEMANTIC,UNRESOLVED_FACTUAL,UNRESOLVED_SEMANTIC,UNRESOLVED_FACTUAL,conditional_discharge_dependent_monitoring;limit_sample_type_code;monitoring_frequency_code;permit_limit_comment_text,discharge_occurrence_in_period;limit_sample_type_code;monitoring_frequency_code,monitoring_requirement_fy2025 / discharge_occurrence_in_period,,state_a,state_b
measurement:dmr_form_value_id=3920700898,NM0028762,00530,2025-03-31,field_delta,"monitoring_status,evidence_status,unresolved_reason,monitoring_condition",WITHIN_LIMIT,WITHIN_LIMIT,UNRESOLVED_SEMANTIC,UNRESOLVED_FACTUAL,UNRESOLVED_SEMANTIC,UNRESOLVED_FACTUAL,conditional_discharge_dependent_monitoring;limit_sample_type_code;monitoring_frequency_code;permit_limit_comment_text,discharge_occurrence_in_period;limit_sample_type_code;monitoring_frequency_code,monitoring_requirement_fy2025 / discharge_occurrence_in_period,,state_a,state_b
measurement:dmr_form_value_id=3920700899,NM0028762,00530,2025-03-31,field_delta,"monitoring_status,evidence_status,unresolved_reason,monitoring_condition",NOT_NUMERIC_CANDIDATE,NOT_NUMERIC_CANDIDATE,UNRESOLVED_SEMANTIC,UNRESOLVED_FACTUAL,UNRESOLVED_SEMANTIC,UNRESOLVED_FACTUAL,conditional_discharge_dependent_monitoring;limit_sample_type_code;monitoring_frequency_code;permit_limit_comment_text,discharge_occurrence_in_period;limit_sample_type_code;monitoring_frequency_code,monitoring_requirement_fy2025 / discharge_occurrence_in_period,,state_a,state_b
measurement:dmr_form_value_id=3920700900,NM0028762,00530,2025-03-31,field_delta,"monitoring_status,evidence_status,unresolved_reason,monitoring_condition",NOT_NUMERIC_CANDIDATE,NOT_NUMERIC_CANDIDATE,UNRESOLVED_SEMANTIC,UNRESOLVED_FACTUAL,UNRESOLVED_SEMANTIC,UNRESOLVED_FACTUAL,conditional_discharge_dependent_monitoring;limit_sample_type_code;monitoring_frequency_code;permit_limit_comment_text,discharge_occurrence_in_period;limit_sample_type_code;monitoring_frequency_code,monitoring_requirement_fy2025 / discharge_occurrence_in_period,,state_a,state_b
measurement:dmr_form_value_id=3920700901,NM0028762,50050,2025-03-31,field_delta,"monitoring_status,evidence_status,unresolved_reason,monitoring_condition",NOT_NUMERIC_CANDIDATE,NOT_NUMERIC_CANDIDATE,UNRESOLVED_SEMANTIC,UNRESOLVED_FACTUAL,UNRESOLVED_SEMANTIC,UNRESOLVED_FACTUAL,conditional_discharge_dependent_monitoring;limit_sample_type_code;monitoring_frequency_code;permit_limit_comment_text,discharge_occurrence_in_period;limit_sample_type_code;monitoring_frequency_code,monitoring_requirement_fy2025 / discharge_occurrence_in_period,,state_a,state_b
measurement:dmr_form_value_id=3920700902,NM0028762,50050,2025-03-31,field_delta,"monitoring_status,evidence_status,unresolved_reason,monitoring_condition",NOT_NUMERIC_CANDIDATE,NOT_NUMERIC_CANDIDATE,UNRESOLVED_SEMANTIC,UNRESOLVED_FACTUAL,UNRESOLVED_SEMANTIC,UNRESOLVED_FACTUAL,conditional_discharge_dependent_monitoring;limit_sample_type_code;monitoring_frequency_code;permit_limit_comment_text,discharge_occurrence_in_period;limit_sample_type_code;monitoring_frequency_code,monitoring_requirement_fy2025 / discharge_occurrence_in_period,,state_a,state_b
measurement:dmr_form_value_id=3920700903,NM0028762,50060,2025-03-31,field_delta,"monitoring_status,evidence_status,unresolved_reason,monitoring_condition",WITHIN_LIMIT,WITHIN_LIMIT,UNRESOLVED_SEMANTIC,UNRESOLVED_FACTUAL,UNRESOLVED_SEMANTIC,UNRESOLVED_FACTUAL,conditional_discharge_dependent_monitoring;limit_sample_type_code;monitoring_frequency_code;permit_limit_comment_text,discharge_occurrence_in_period;limit_sample_type_code;monitoring_frequency_code,monitoring_requirement_fy2025 / discharge_occurrence_in_period,,state_a,state_b
measurement:dmr_form_value_id=3920700906,NM0028762,00400,2025-04-30,field_delta,"monitoring_status,evidence_status,unresolved_reason,monitoring_condition",WITHIN_LIMIT,WITHIN_LIMIT,UNRESOLVED_SEMANTIC,UNRESOLVED_FACTUAL,UNRESOLVED_SEMANTIC,UNRESOLVED_FACTUAL,conditional_discharge_dependent_monitoring;limit_sample_type_code;monitoring_frequency_code;permit_limit_comment_text,discharge_occurrence_in_period;limit_sample_type_code;monitoring_frequency_code,monitoring_requirement_fy2025 / discharge_occurrence_in_period,,state_a,state_b
measurement:dmr_form_value_id=3920700907,NM0028762,00400,2025-04-30,field_delta,"monitoring_status,evidence_status,unresolved_reason,monitoring_condition",WITHIN_LIMIT,WITHIN_LIMIT,UNRESOLVED_SEMANTIC,UNRESOLVED_FACTUAL,UNRESOLVED_SEMANTIC,UNRESOLVED_FACTUAL,conditional_discharge_dependent_monitoring;limit_sample_type_code;monitoring_frequency_code;permit_limit_comment_text,discharge_occurrence_in_period;limit_sample_type_code;monitoring_frequency_code,monitoring_requirement_fy2025 / discharge_occurrence_in_period,,state_a,state_b
measurement:dmr_form_value_id=3920700908,NM0028762,00530,2025-04-30,field_delta,"monitoring_status,evidence_status,unresolved_reason,monitoring_condition",WITHIN_LIMIT,WITHIN_LIMIT,UNRESOLVED_SEMANTIC,UNRESOLVED_FACTUAL,UNRESOLVED_SEMANTIC,UNRESOLVED_FACTUAL,conditional_discharge_dependent_monitoring;limit_sample_type_code;monitoring_frequency_code;permit_limit_comment_text,discharge_occurrence_in_period;limit_sample_type_code;monitoring_frequency_code,monitoring_requirement_fy2025 / discharge_occurrence_in_period,,state_a,state_b
measurement:dmr_form_value_id=3920700909,NM0028762,00530,2025-04-30,field_delta,"monitoring_status,evidence_status,unresolved_reason,monitoring_condition",WITHIN_LIMIT,WITHIN_LIMIT,UNRESOLVED_SEMANTIC,UNRESOLVED_FACTUAL,UNRESOLVED_SEMANTIC,UNRESOLVED_FACTUAL,conditional_discharge_dependent_monitoring;limit_sample_type_code;monitoring_frequency_code;permit_limit_comment_text,discharge_occurrence_in_period;limit_sample_type_code;monitoring_frequency_code,monitoring_requirement_fy2025 / discharge_occurrence_in_period,,state_a,state_b
measurement:dmr_form_value_id=3920700910,NM0028762,00530,2025-04-30,field_delta,"monitoring_status,evidence_status,unresolved_reason,monitoring_condition",NOT_NUMERIC_CANDIDATE,NOT_NUMERIC_CANDIDATE,UNRESOLVED_SEMANTIC,UNRESOLVED_FACTUAL,UNRESOLVED_SEMANTIC,UNRESOLVED_FACTUAL,conditional_discharge_dependent_monitoring;limit_sample_type_code;monitoring_frequency_code;permit_limit_comment_text,discharge_occurrence_in_period;limit_sample_type_code;monitoring_frequency_code,monitoring_requirement_fy2025 / discharge_occurrence_in_period,,state_a,state_b
measurement:dmr_form_value_id=3920700911,NM0028762,00530,2025-04-30,field_delta,"monitoring_status,evidence_status,unresolved_reason,monitoring_condition",NOT_NUMERIC_CANDIDATE,NOT_NUMERIC_CANDIDATE,UNRESOLVED_SEMANTIC,UNRESOLVED_FACTUAL,UNRESOLVED_SEMANTIC,UNRESOLVED_FACTUAL,conditional_discharge_dependent_monitoring;limit_sample_type_code;monitoring_frequency_code;permit_limit_comment_text,discharge_occurrence_in_period;limit_sample_type_code;monitoring_frequency_code,monitoring_requirement_fy2025 / discharge_occurrence_in_period,,state_a,state_b
measurement:dmr_form_value_id=3920700912,NM0028762,50050,2025-04-30,field_delta,"monitoring_status,evidence_status,unresolved_reason,monitoring_condition",NOT_NUMERIC_CANDIDATE,NOT_NUMERIC_CANDIDATE,UNRESOLVED_SEMANTIC,UNRESOLVED_FACTUAL,UNRESOLVED_SEMANTIC,UNRESOLVED_FACTUAL,conditional_discharge_dependent_monitoring;limit_sample_type_code;monitoring_frequency_code;permit_limit_comment_text,discharge_occurrence_in_period;limit_sample_type_code;monitoring_frequency_code,monitoring_requirement_fy2025 / discharge_occurrence_in_period,,state_a,state_b
measurement:dmr_form_value_id=3920700913,NM0028762,50050,2025-04-30,field_delta,"monitoring_status,evidence_status,unresolved_reason,monitoring_condition",NOT_NUMERIC_CANDIDATE,NOT_NUMERIC_CANDIDATE,UNRESOLVED_SEMANTIC,UNRESOLVED_FACTUAL,UNRESOLVED_SEMANTIC,UNRESOLVED_FACTUAL,conditional_discharge_dependent_monitoring;limit_sample_type_code;monitoring_frequency_code;permit_limit_comment_text,discharge_occurrence_in_period;limit_sample_type_code;monitoring_frequency_code,monitoring_requirement_fy2025 / discharge_occurrence_in_period,,state_a,state_b
measurement:dmr_form_value_id=3920700914,NM0028762,50060,2025-04-30,field_delta,"monitoring_status,evidence_status,unresolved_reason,monitoring_condition",WITHIN_LIMIT,WITHIN_LIMIT,UNRESOLVED_SEMANTIC,UNRESOLVED_FACTUAL,UNRESOLVED_SEMANTIC,UNRESOLVED_FACTUAL,conditional_discharge_dependent_monitoring;limit_sample_type_code;monitoring_frequency_code;permit_limit_comment_text,discharge_occurrence_in_period;limit_sample_type_code;monitoring_frequency_code,monitoring_requirement_fy2025 / discharge_occurrence_in_period,,state_a,state_b
measurement:dmr_form_value_id=3920700917,NM0028762,00400,2025-05-31,field_delta,"monitoring_status,evidence_status,unresolved_reason,monitoring_condition",WITHIN_LIMIT,WITHIN_LIMIT,UNRESOLVED_SEMANTIC,UNRESOLVED_FACTUAL,UNRESOLVED_SEMANTIC,UNRESOLVED_FACTUAL,conditional_discharge_dependent_monitoring;limit_sample_type_code;monitoring_frequency_code;permit_limit_comment_text,discharge_occurrence_in_period;limit_sample_type_code;monitoring_frequency_code,monitoring_requirement_fy2025 / discharge_occurrence_in_period,,state_a,state_b
measurement:dmr_form_value_id=3920700918,NM0028762,00400,2025-05-31,field_delta,"monitoring_status,evidence_status,unresolved_reason,monitoring_condition",WITHIN_LIMIT,WITHIN_LIMIT,UNRESOLVED_SEMANTIC,UNRESOLVED_FACTUAL,UNRESOLVED_SEMANTIC,UNRESOLVED_FACTUAL,conditional_discharge_dependent_monitoring;limit_sample_type_code;monitoring_frequency_code;permit_limit_comment_text,discharge_occurrence_in_period;limit_sample_type_code;monitoring_frequency_code,monitoring_requirement_fy2025 / discharge_occurrence_in_period,,state_a,state_b
measurement:dmr_form_value_id=3920700919,NM0028762,00530,2025-05-31,field_delta,"monitoring_status,evidence_status,unresolved_reason,monitoring_condition",WITHIN_LIMIT,WITHIN_LIMIT,UNRESOLVED_SEMANTIC,UNRESOLVED_FACTUAL,UNRESOLVED_SEMANTIC,UNRESOLVED_FACTUAL,conditional_discharge_dependent_monitoring;limit_sample_type_code;monitoring_frequency_code;permit_limit_comment_text,discharge_occurrence_in_period;limit_sample_type_code;monitoring_frequency_code,monitoring_requirement_fy2025 / discharge_occurrence_in_period,,state_a,state_b
measurement:dmr_form_value_id=3920700920,NM0028762,00530,2025-05-31,field_delta,"monitoring_status,evidence_status,unresolved_reason,monitoring_condition",WITHIN_LIMIT,WITHIN_LIMIT,UNRESOLVED_SEMANTIC,UNRESOLVED_FACTUAL,UNRESOLVED_SEMANTIC,UNRESOLVED_FACTUAL,conditional_discharge_dependent_monitoring;limit_sample_type_code;monitoring_frequency_code;permit_limit_comment_text,discharge_occurrence_in_period;limit_sample_type_code;monitoring_frequency_code,monitoring_requirement_fy2025 / discharge_occurrence_in_period,,state_a,state_b
measurement:dmr_form_value_id=3920700921,NM0028762,00530,2025-05-31,field_delta,"monitoring_status,evidence_status,unresolved_reason,monitoring_condition",NOT_NUMERIC_CANDIDATE,NOT_NUMERIC_CANDIDATE,UNRESOLVED_SEMANTIC,UNRESOLVED_FACTUAL,UNRESOLVED_SEMANTIC,UNRESOLVED_FACTUAL,conditional_discharge_dependent_monitoring;limit_sample_type_code;monitoring_frequency_code;permit_limit_comment_text,discharge_occurrence_in_period;limit_sample_type_code;monitoring_frequency_code,monitoring_requirement_fy2025 / discharge_occurrence_in_period,,state_a,state_b
measurement:dmr_form_value_id=3920700922,NM0028762,00530,2025-05-31,field_delta,"monitoring_status,evidence_status,unresolved_reason,monitoring_condition",NOT_NUMERIC_CANDIDATE,NOT_NUMERIC_CANDIDATE,UNRESOLVED_SEMANTIC,UNRESOLVED_FACTUAL,UNRESOLVED_SEMANTIC,UNRESOLVED_FACTUAL,conditional_discharge_dependent_monitoring;limit_sample_type_code;monitoring_frequency_code;permit_limit_comment_text,discharge_occurrence_in_period;limit_sample_type_code;monitoring_frequency_code,monitoring_requirement_fy2025 / discharge_occurrence_in_period,,state_a,state_b
measurement:dmr_form_value_id=3920700923,NM0028762,50050,2025-05-31,field_delta,"monitoring_status,evidence_status,unresolved_reason,monitoring_condition",NOT_NUMERIC_CANDIDATE,NOT_NUMERIC_CANDIDATE,UNRESOLVED_SEMANTIC,UNRESOLVED_FACTUAL,UNRESOLVED_SEMANTIC,UNRESOLVED_FACTUAL,conditional_discharge_dependent_monitoring;limit_sample_type_code;monitoring_frequency_code;permit_limit_comment_text,discharge_occurrence_in_period;limit_sample_type_code;monitoring_frequency_code,monitoring_requirement_fy2025 / discharge_occurrence_in_period,,state_a,state_b
measurement:dmr_form_value_id=3920700924,NM0028762,50050,2025-05-31,field_delta,"monitoring_status,evidence_status,unresolved_reason,monitoring_condition",NOT_NUMERIC_CANDIDATE,NOT_NUMERIC_CANDIDATE,UNRESOLVED_SEMANTIC,UNRESOLVED_FACTUAL,UNRESOLVED_SEMANTIC,UNRESOLVED_FACTUAL,conditional_discharge_dependent_monitoring;limit_sample_type_code;monitoring_frequency_code;permit_limit_comment_text,discharge_occurrence_in_period;limit_sample_type_code;monitoring_frequency_code,monitoring_requirement_fy2025 / discharge_occurrence_in_period,,state_a,state_b
measurement:dmr_form_value_id=3920700925,NM0028762,50060,2025-05-31,field_delta,"monitoring_status,evidence_status,unresolved_reason,monitoring_condition",WITHIN_LIMIT,WITHIN_LIMIT,UNRESOLVED_SEMANTIC,UNRESOLVED_FACTUAL,UNRESOLVED_SEMANTIC,UNRESOLVED_FACTUAL,conditional_discharge_dependent_monitoring;limit_sample_type_code;monitoring_frequency_code;permit_limit_comment_text,discharge_occurrence_in_period;limit_sample_type_code;monitoring_frequency_code,monitoring_requirement_fy2025 / discharge_occurrence_in_period,,state_a,state_b
measurement:dmr_form_value_id=3920700928,NM0028762,00400,2025-06-30,field_delta,"monitoring_status,evidence_status,unresolved_reason,monitoring_condition",WITHIN_LIMIT,WITHIN_LIMIT,UNRESOLVED_SEMANTIC,UNRESOLVED_FACTUAL,UNRESOLVED_SEMANTIC,UNRESOLVED_FACTUAL,conditional_discharge_dependent_monitoring;limit_sample_type_code;monitoring_frequency_code;permit_limit_comment_text,discharge_occurrence_in_period;limit_sample_type_code;monitoring_frequency_code,monitoring_requirement_fy2025 / discharge_occurrence_in_period,,state_a,state_b
measurement:dmr_form_value_id=3920700929,NM0028762,00400,2025-06-30,field_delta,"monitoring_status,evidence_status,unresolved_reason,monitoring_condition",WITHIN_LIMIT,WITHIN_LIMIT,UNRESOLVED_SEMANTIC,UNRESOLVED_FACTUAL,UNRESOLVED_SEMANTIC,UNRESOLVED_FACTUAL,conditional_discharge_dependent_monitoring;limit_sample_type_code;monitoring_frequency_code;permit_limit_comment_text,discharge_occurrence_in_period;limit_sample_type_code;monitoring_frequency_code,monitoring_requirement_fy2025 / discharge_occurrence_in_period,,state_a,state_b
measurement:dmr_form_value_id=3920700930,NM0028762,00530,2025-06-30,field_delta,"monitoring_status,evidence_status,unresolved_reason,monitoring_condition",WITHIN_LIMIT,WITHIN_LIMIT,UNRESOLVED_SEMANTIC,UNRESOLVED_FACTUAL,UNRESOLVED_SEMANTIC,UNRESOLVED_FACTUAL,conditional_discharge_dependent_monitoring;limit_sample_type_code;monitoring_frequency_code;permit_limit_comment_text,discharge_occurrence_in_period;limit_sample_type_code;monitoring_frequency_code,monitoring_requirement_fy2025 / discharge_occurrence_in_period,,state_a,state_b
measurement:dmr_form_value_id=3920700931,NM0028762,00530,2025-06-30,field_delta,"monitoring_status,evidence_status,unresolved_reason,monitoring_condition",WITHIN_LIMIT,WITHIN_LIMIT,UNRESOLVED_SEMANTIC,UNRESOLVED_FACTUAL,UNRESOLVED_SEMANTIC,UNRESOLVED_FACTUAL,conditional_discharge_dependent_monitoring;limit_sample_type_code;monitoring_frequency_code;permit_limit_comment_text,discharge_occurrence_in_period;limit_sample_type_code;monitoring_frequency_code,monitoring_requirement_fy2025 / discharge_occurrence_in_period,,state_a,state_b
measurement:dmr_form_value_id=3920700932,NM0028762,00530,2025-06-30,field_delta,"monitoring_status,evidence_status,unresolved_reason,monitoring_condition",NOT_NUMERIC_CANDIDATE,NOT_NUMERIC_CANDIDATE,UNRESOLVED_SEMANTIC,UNRESOLVED_FACTUAL,UNRESOLVED_SEMANTIC,UNRESOLVED_FACTUAL,conditional_discharge_dependent_monitoring;limit_sample_type_code;monitoring_frequency_code;permit_limit_comment_text,discharge_occurrence_in_period;limit_sample_type_code;monitoring_frequency_code,monitoring_requirement_fy2025 / discharge_occurrence_in_period,,state_a,state_b
measurement:dmr_form_value_id=3920700933,NM0028762,00530,2025-06-30,field_delta,"monitoring_status,evidence_status,unresolved_reason,monitoring_condition",NOT_NUMERIC_CANDIDATE,NOT_NUMERIC_CANDIDATE,UNRESOLVED_SEMANTIC,UNRESOLVED_FACTUAL,UNRESOLVED_SEMANTIC,UNRESOLVED_FACTUAL,conditional_discharge_dependent_monitoring;limit_sample_type_code;monitoring_frequency_code;permit_limit_comment_text,discharge_occurrence_in_period;limit_sample_type_code;monitoring_frequency_code,monitoring_requirement_fy2025 / discharge_occurrence_in_period,,state_a,state_b
measurement:dmr_form_value_id=3920700934,NM0028762,50050,2025-06-30,field_delta,"monitoring_status,evidence_status,unresolved_reason,monitoring_condition",NOT_NUMERIC_CANDIDATE,NOT_NUMERIC_CANDIDATE,UNRESOLVED_SEMANTIC,UNRESOLVED_FACTUAL,UNRESOLVED_SEMANTIC,UNRESOLVED_FACTUAL,conditional_discharge_dependent_monitoring;limit_sample_type_code;monitoring_frequency_code;permit_limit_comment_text,discharge_occurrence_in_period;limit_sample_type_code;monitoring_frequency_code,monitoring_requirement_fy2025 / discharge_occurrence_in_period,,state_a,state_b
measurement:dmr_form_value_id=3920700935,NM0028762,50050,2025-06-30,field_delta,"monitoring_status,evidence_status,unresolved_reason,monitoring_condition",NOT_NUMERIC_CANDIDATE,NOT_NUMERIC_CANDIDATE,UNRESOLVED_SEMANTIC,UNRESOLVED_FACTUAL,UNRESOLVED_SEMANTIC,UNRESOLVED_FACTUAL,conditional_discharge_dependent_monitoring;limit_sample_type_code;monitoring_frequency_code;permit_limit_comment_text,discharge_occurrence_in_period;limit_sample_type_code;monitoring_frequency_code,monitoring_requirement_fy2025 / discharge_occurrence_in_period,,state_a,state_b
measurement:dmr_form_value_id=3920700936,NM0028762,50060,2025-06-30,field_delta,"monitoring_status,evidence_status,unresolved_reason,monitoring_condition",WITHIN_LIMIT,WITHIN_LIMIT,UNRESOLVED_SEMANTIC,UNRESOLVED_FACTUAL,UNRESOLVED_SEMANTIC,UNRESOLVED_FACTUAL,conditional_discharge_dependent_monitoring;limit_sample_type_code;monitoring_frequency_code;permit_limit_comment_text,discharge_occurrence_in_period;limit_sample_type_code;monitoring_frequency_code,monitoring_requirement_fy2025 / discharge_occurrence_in_period,,state_a,state_b
measurement:dmr_form_value_id=3920700939,NM0028762,00400,2025-07-31,field_delta,"monitoring_status,evidence_status,unresolved_reason,monitoring_condition",WITHIN_LIMIT,WITHIN_LIMIT,UNRESOLVED_SEMANTIC,UNRESOLVED_FACTUAL,UNRESOLVED_SEMANTIC,UNRESOLVED_FACTUAL,conditional_discharge_dependent_monitoring;limit_sample_type_code;monitoring_frequency_code;permit_limit_comment_text,discharge_occurrence_in_period;limit_sample_type_code;monitoring_frequency_code,monitoring_requirement_fy2025 / discharge_occurrence_in_period,,state_a,state_b
measurement:dmr_form_value_id=3920700940,NM0028762,00400,2025-07-31,field_delta,"monitoring_status,evidence_status,unresolved_reason,monitoring_condition",WITHIN_LIMIT,WITHIN_LIMIT,UNRESOLVED_SEMANTIC,UNRESOLVED_FACTUAL,UNRESOLVED_SEMANTIC,UNRESOLVED_FACTUAL,conditional_discharge_dependent_monitoring;limit_sample_type_code;monitoring_frequency_code;permit_limit_comment_text,discharge_occurrence_in_period;limit_sample_type_code;monitoring_frequency_code,monitoring_requirement_fy2025 / discharge_occurrence_in_period,,state_a,state_b
measurement:dmr_form_value_id=3920700941,NM0028762,00530,2025-07-31,field_delta,"monitoring_status,evidence_status,unresolved_reason,monitoring_condition",WITHIN_LIMIT,WITHIN_LIMIT,UNRESOLVED_SEMANTIC,UNRESOLVED_FACTUAL,UNRESOLVED_SEMANTIC,UNRESOLVED_FACTUAL,conditional_discharge_dependent_monitoring;limit_sample_type_code;monitoring_frequency_code;permit_limit_comment_text,discharge_occurrence_in_period;limit_sample_type_code;monitoring_frequency_code,monitoring_requirement_fy2025 / discharge_occurrence_in_period,,state_a,state_b
measurement:dmr_form_value_id=3920700942,NM0028762,00530,2025-07-31,field_delta,"monitoring_status,evidence_status,unresolved_reason,monitoring_condition",WITHIN_LIMIT,WITHIN_LIMIT,UNRESOLVED_SEMANTIC,UNRESOLVED_FACTUAL,UNRESOLVED_SEMANTIC,UNRESOLVED_FACTUAL,conditional_discharge_dependent_monitoring;limit_sample_type_code;monitoring_frequency_code;permit_limit_comment_text,discharge_occurrence_in_period;limit_sample_type_code;monitoring_frequency_code,monitoring_requirement_fy2025 / discharge_occurrence_in_period,,state_a,state_b
measurement:dmr_form_value_id=3920700943,NM0028762,00530,2025-07-31,field_delta,"monitoring_status,evidence_status,unresolved_reason,monitoring_condition",NOT_NUMERIC_CANDIDATE,NOT_NUMERIC_CANDIDATE,UNRESOLVED_SEMANTIC,UNRESOLVED_FACTUAL,UNRESOLVED_SEMANTIC,UNRESOLVED_FACTUAL,conditional_discharge_dependent_monitoring;limit_sample_type_code;monitoring_frequency_code;permit_limit_comment_text,discharge_occurrence_in_period;limit_sample_type_code;monitoring_frequency_code,monitoring_requirement_fy2025 / discharge_occurrence_in_period,,state_a,state_b
measurement:dmr_form_value_id=3920700944,NM0028762,00530,2025-07-31,field_delta,"monitoring_status,evidence_status,unresolved_reason,monitoring_condition",NOT_NUMERIC_CANDIDATE,NOT_NUMERIC_CANDIDATE,UNRESOLVED_SEMANTIC,UNRESOLVED_FACTUAL,UNRESOLVED_SEMANTIC,UNRESOLVED_FACTUAL,conditional_discharge_dependent_monitoring;limit_sample_type_code;monitoring_frequency_code;permit_limit_comment_text,discharge_occurrence_in_period;limit_sample_type_code;monitoring_frequency_code,monitoring_requirement_fy2025 / discharge_occurrence_in_period,,state_a,state_b
measurement:dmr_form_value_id=3920700945,NM0028762,50050,2025-07-31,field_delta,"monitoring_status,evidence_status,unresolved_reason,monitoring_condition",NOT_NUMERIC_CANDIDATE,NOT_NUMERIC_CANDIDATE,UNRESOLVED_SEMANTIC,UNRESOLVED_FACTUAL,UNRESOLVED_SEMANTIC,UNRESOLVED_FACTUAL,conditional_discharge_dependent_monitoring;limit_sample_type_code;monitoring_frequency_code;permit_limit_comment_text,discharge_occurrence_in_period;limit_sample_type_code;monitoring_frequency_code,monitoring_requirement_fy2025 / discharge_occurrence_in_period,,state_a,state_b
measurement:dmr_form_value_id=3920700946,NM0028762,50050,2025-07-31,field_delta,"monitoring_status,evidence_status,unresolved_reason,monitoring_condition",NOT_NUMERIC_CANDIDATE,NOT_NUMERIC_CANDIDATE,UNRESOLVED_SEMANTIC,UNRESOLVED_FACTUAL,UNRESOLVED_SEMANTIC,UNRESOLVED_FACTUAL,conditional_discharge_dependent_monitoring;limit_sample_type_code;monitoring_frequency_code;permit_limit_comment_text,discharge_occurrence_in_period;limit_sample_type_code;monitoring_frequency_code,monitoring_requirement_fy2025 / discharge_occurrence_in_period,,state_a,state_b
measurement:dmr_form_value_id=3920700947,NM0028762,50060,2025-07-31,field_delta,"monitoring_status,evidence_status,unresolved_reason,monitoring_condition",WITHIN_LIMIT,WITHIN_LIMIT,UNRESOLVED_SEMANTIC,UNRESOLVED_FACTUAL,UNRESOLVED_SEMANTIC,UNRESOLVED_FACTUAL,conditional_discharge_dependent_monitoring;limit_sample_type_code;monitoring_frequency_code;permit_limit_comment_text,discharge_occurrence_in_period;limit_sample_type_code;monitoring_frequency_code,monitoring_requirement_fy2025 / discharge_occurrence_in_period,,state_a,state_b
measurement:dmr_form_value_id=3920700950,NM0028762,00400,2025-08-31,field_delta,"monitoring_status,evidence_status,unresolved_reason,monitoring_condition",WITHIN_LIMIT,WITHIN_LIMIT,UNRESOLVED_SEMANTIC,UNRESOLVED_FACTUAL,UNRESOLVED_SEMANTIC,UNRESOLVED_FACTUAL,conditional_discharge_dependent_monitoring;limit_sample_type_code;monitoring_frequency_code;permit_limit_comment_text,discharge_occurrence_in_period;limit_sample_type_code;monitoring_frequency_code,monitoring_requirement_fy2025 / discharge_occurrence_in_period,,state_a,state_b
measurement:dmr_form_value_id=3920700951,NM0028762,00400,2025-08-31,field_delta,"monitoring_status,evidence_status,unresolved_reason,monitoring_condition",WITHIN_LIMIT,WITHIN_LIMIT,UNRESOLVED_SEMANTIC,UNRESOLVED_FACTUAL,UNRESOLVED_SEMANTIC,UNRESOLVED_FACTUAL,conditional_discharge_dependent_monitoring;limit_sample_type_code;monitoring_frequency_code;permit_limit_comment_text,discharge_occurrence_in_period;limit_sample_type_code;monitoring_frequency_code,monitoring_requirement_fy2025 / discharge_occurrence_in_period,,state_a,state_b
measurement:dmr_form_value_id=3920700952,NM0028762,00530,2025-08-31,field_delta,"monitoring_status,evidence_status,unresolved_reason,monitoring_condition",WITHIN_LIMIT,WITHIN_LIMIT,UNRESOLVED_SEMANTIC,UNRESOLVED_FACTUAL,UNRESOLVED_SEMANTIC,UNRESOLVED_FACTUAL,conditional_discharge_dependent_monitoring;limit_sample_type_code;monitoring_frequency_code;permit_limit_comment_text,discharge_occurrence_in_period;limit_sample_type_code;monitoring_frequency_code,monitoring_requirement_fy2025 / discharge_occurrence_in_period,,state_a,state_b
measurement:dmr_form_value_id=3920700953,NM0028762,00530,2025-08-31,field_delta,"monitoring_status,evidence_status,unresolved_reason,monitoring_condition",WITHIN_LIMIT,WITHIN_LIMIT,UNRESOLVED_SEMANTIC,UNRESOLVED_FACTUAL,UNRESOLVED_SEMANTIC,UNRESOLVED_FACTUAL,conditional_discharge_dependent_monitoring;limit_sample_type_code;monitoring_frequency_code;permit_limit_comment_text,discharge_occurrence_in_period;limit_sample_type_code;monitoring_frequency_code,monitoring_requirement_fy2025 / discharge_occurrence_in_period,,state_a,state_b
measurement:dmr_form_value_id=3920700954,NM0028762,00530,2025-08-31,field_delta,"monitoring_status,evidence_status,unresolved_reason,monitoring_condition",NOT_NUMERIC_CANDIDATE,NOT_NUMERIC_CANDIDATE,UNRESOLVED_SEMANTIC,UNRESOLVED_FACTUAL,UNRESOLVED_SEMANTIC,UNRESOLVED_FACTUAL,conditional_discharge_dependent_monitoring;limit_sample_type_code;monitoring_frequency_code;permit_limit_comment_text,discharge_occurrence_in_period;limit_sample_type_code;monitoring_frequency_code,monitoring_requirement_fy2025 / discharge_occurrence_in_period,,state_a,state_b
measurement:dmr_form_value_id=3920700955,NM0028762,00530,2025-08-31,field_delta,"monitoring_status,evidence_status,unresolved_reason,monitoring_condition",NOT_NUMERIC_CANDIDATE,NOT_NUMERIC_CANDIDATE,UNRESOLVED_SEMANTIC,UNRESOLVED_FACTUAL,UNRESOLVED_SEMANTIC,UNRESOLVED_FACTUAL,conditional_discharge_dependent_monitoring;limit_sample_type_code;monitoring_frequency_code;permit_limit_comment_text,discharge_occurrence_in_period;limit_sample_type_code;monitoring_frequency_code,monitoring_requirement_fy2025 / discharge_occurrence_in_period,,state_a,state_b
measurement:dmr_form_value_id=3920700956,NM0028762,50050,2025-08-31,field_delta,"monitoring_status,evidence_status,unresolved_reason,monitoring_condition",NOT_NUMERIC_CANDIDATE,NOT_NUMERIC_CANDIDATE,UNRESOLVED_SEMANTIC,UNRESOLVED_FACTUAL,UNRESOLVED_SEMANTIC,UNRESOLVED_FACTUAL,conditional_discharge_dependent_monitoring;limit_sample_type_code;monitoring_frequency_code;permit_limit_comment_text,discharge_occurrence_in_period;limit_sample_type_code;monitoring_frequency_code,monitoring_requirement_fy2025 / discharge_occurrence_in_period,,state_a,state_b
measurement:dmr_form_value_id=3920700957,NM0028762,50050,2025-08-31,field_delta,"monitoring_status,evidence_status,unresolved_reason,monitoring_condition",NOT_NUMERIC_CANDIDATE,NOT_NUMERIC_CANDIDATE,UNRESOLVED_SEMANTIC,UNRESOLVED_FACTUAL,UNRESOLVED_SEMANTIC,UNRESOLVED_FACTUAL,conditional_discharge_dependent_monitoring;limit_sample_type_code;monitoring_frequency_code;permit_limit_comment_text,discharge_occurrence_in_period;limit_sample_type_code;monitoring_frequency_code,monitoring_requirement_fy2025 / discharge_occurrence_in_period,,state_a,state_b
measurement:dmr_form_value_id=3920700958,NM0028762,50060,2025-08-31,field_delta,"monitoring_status,evidence_status,unresolved_reason,monitoring_condition",WITHIN_LIMIT,WITHIN_LIMIT,UNRESOLVED_SEMANTIC,UNRESOLVED_FACTUAL,UNRESOLVED_SEMANTIC,UNRESOLVED_FACTUAL,conditional_discharge_dependent_monitoring;limit_sample_type_code;monitoring_frequency_code;permit_limit_comment_text,discharge_occurrence_in_period;limit_sample_type_code;monitoring_frequency_code,monitoring_requirement_fy2025 / discharge_occurrence_in_period,,state_a,state_b
measurement:dmr_form_value_id=3920700961,NM0028762,00400,2025-09-30,field_delta,"monitoring_status,evidence_status,unresolved_reason,monitoring_condition",WITHIN_LIMIT,WITHIN_LIMIT,UNRESOLVED_SEMANTIC,UNRESOLVED_FACTUAL,UNRESOLVED_SEMANTIC,UNRESOLVED_FACTUAL,conditional_discharge_dependent_monitoring;limit_sample_type_code;monitoring_frequency_code;permit_limit_comment_text,discharge_occurrence_in_period;limit_sample_type_code;monitoring_frequency_code,monitoring_requirement_fy2025 / discharge_occurrence_in_period,,state_a,state_b
measurement:dmr_form_value_id=3920700962,NM0028762,00400,2025-09-30,field_delta,"monitoring_status,evidence_status,unresolved_reason,monitoring_condition",WITHIN_LIMIT,WITHIN_LIMIT,UNRESOLVED_SEMANTIC,UNRESOLVED_FACTUAL,UNRESOLVED_SEMANTIC,UNRESOLVED_FACTUAL,conditional_discharge_dependent_monitoring;limit_sample_type_code;monitoring_frequency_code;permit_limit_comment_text,discharge_occurrence_in_period;limit_sample_type_code;monitoring_frequency_code,monitoring_requirement_fy2025 / discharge_occurrence_in_period,,state_a,state_b
measurement:dmr_form_value_id=3920700963,NM0028762,00530,2025-09-30,field_delta,"monitoring_status,evidence_status,unresolved_reason,monitoring_condition",WITHIN_LIMIT,WITHIN_LIMIT,UNRESOLVED_SEMANTIC,UNRESOLVED_FACTUAL,UNRESOLVED_SEMANTIC,UNRESOLVED_FACTUAL,conditional_discharge_dependent_monitoring;limit_sample_type_code;monitoring_frequency_code;permit_limit_comment_text,discharge_occurrence_in_period;limit_sample_type_code;monitoring_frequency_code,monitoring_requirement_fy2025 / discharge_occurrence_in_period,,state_a,state_b
measurement:dmr_form_value_id=3920700964,NM0028762,00530,2025-09-30,field_delta,"monitoring_status,evidence_status,unresolved_reason,monitoring_condition",WITHIN_LIMIT,WITHIN_LIMIT,UNRESOLVED_SEMANTIC,UNRESOLVED_FACTUAL,UNRESOLVED_SEMANTIC,UNRESOLVED_FACTUAL,conditional_discharge_dependent_monitoring;limit_sample_type_code;monitoring_frequency_code;permit_limit_comment_text,discharge_occurrence_in_period;limit_sample_type_code;monitoring_frequency_code,monitoring_requirement_fy2025 / discharge_occurrence_in_period,,state_a,state_b
measurement:dmr_form_value_id=3920700965,NM0028762,00530,2025-09-30,field_delta,"monitoring_status,evidence_status,unresolved_reason,monitoring_condition",NOT_NUMERIC_CANDIDATE,NOT_NUMERIC_CANDIDATE,UNRESOLVED_SEMANTIC,UNRESOLVED_FACTUAL,UNRESOLVED_SEMANTIC,UNRESOLVED_FACTUAL,conditional_discharge_dependent_monitoring;limit_sample_type_code;monitoring_frequency_code;permit_limit_comment_text,discharge_occurrence_in_period;limit_sample_type_code;monitoring_frequency_code,monitoring_requirement_fy2025 / discharge_occurrence_in_period,,state_a,state_b
measurement:dmr_form_value_id=3920700966,NM0028762,00530,2025-09-30,field_delta,"monitoring_status,evidence_status,unresolved_reason,monitoring_condition",NOT_NUMERIC_CANDIDATE,NOT_NUMERIC_CANDIDATE,UNRESOLVED_SEMANTIC,UNRESOLVED_FACTUAL,UNRESOLVED_SEMANTIC,UNRESOLVED_FACTUAL,conditional_discharge_dependent_monitoring;limit_sample_type_code;monitoring_frequency_code;permit_limit_comment_text,discharge_occurrence_in_period;limit_sample_type_code;monitoring_frequency_code,monitoring_requirement_fy2025 / discharge_occurrence_in_period,,state_a,state_b
measurement:dmr_form_value_id=3920700967,NM0028762,50050,2025-09-30,field_delta,"monitoring_status,evidence_status,unresolved_reason,monitoring_condition",NOT_NUMERIC_CANDIDATE,NOT_NUMERIC_CANDIDATE,UNRESOLVED_SEMANTIC,UNRESOLVED_FACTUAL,UNRESOLVED_SEMANTIC,UNRESOLVED_FACTUAL,conditional_discharge_dependent_monitoring;limit_sample_type_code;monitoring_frequency_code;permit_limit_comment_text,discharge_occurrence_in_period;limit_sample_type_code;monitoring_frequency_code,monitoring_requirement_fy2025 / discharge_occurrence_in_period,,state_a,state_b
measurement:dmr_form_value_id=3920700968,NM0028762,50050,2025-09-30,field_delta,"monitoring_status,evidence_status,unresolved_reason,monitoring_condition",NOT_NUMERIC_CANDIDATE,NOT_NUMERIC_CANDIDATE,UNRESOLVED_SEMANTIC,UNRESOLVED_FACTUAL,UNRESOLVED_SEMANTIC,UNRESOLVED_FACTUAL,conditional_discharge_dependent_monitoring;limit_sample_type_code;monitoring_frequency_code;permit_limit_comment_text,discharge_occurrence_in_period;limit_sample_type_code;monitoring_frequency_code,monitoring_requirement_fy2025 / discharge_occurrence_in_period,,state_a,state_b
measurement:dmr_form_value_id=3920700969,NM0028762,50060,2025-09-30,field_delta,"monitoring_status,evidence_status,unresolved_reason,monitoring_condition",WITHIN_LIMIT,WITHIN_LIMIT,UNRESOLVED_SEMANTIC,UNRESOLVED_FACTUAL,UNRESOLVED_SEMANTIC,UNRESOLVED_FACTUAL,conditional_discharge_dependent_monitoring;limit_sample_type_code;monitoring_frequency_code;permit_limit_comment_text,discharge_occurrence_in_period;limit_sample_type_code;monitoring_frequency_code,monitoring_requirement_fy2025 / discharge_occurrence_in_period,,state_a,state_b
measurement:dmr_form_value_id=3920701165,NM0028762,70295,2024-12-31,field_delta,"monitoring_status,evidence_status,unresolved_reason,monitoring_condition",NOT_NUMERIC_CANDIDATE,NOT_NUMERIC_CANDIDATE,UNRESOLVED_SEMANTIC,UNRESOLVED_FACTUAL,UNRESOLVED_SEMANTIC,UNRESOLVED_FACTUAL,conditional_discharge_dependent_monitoring;limit_sample_type_code;monitoring_frequency_code;permit_limit_comment_text,discharge_occurrence_in_period;limit_sample_type_code;monitoring_frequency_code,monitoring_requirement_fy2025 / discharge_occurrence_in_period,,state_a,state_b
measurement:dmr_form_value_id=3920701166,NM0028762,70295,2024-12-31,field_delta,"monitoring_status,evidence_status,unresolved_reason,monitoring_condition",NOT_NUMERIC_CANDIDATE,NOT_NUMERIC_CANDIDATE,UNRESOLVED_SEMANTIC,UNRESOLVED_FACTUAL,UNRESOLVED_SEMANTIC,UNRESOLVED_FACTUAL,conditional_discharge_dependent_monitoring;limit_sample_type_code;monitoring_frequency_code;permit_limit_comment_text,discharge_occurrence_in_period;limit_sample_type_code;monitoring_frequency_code,monitoring_requirement_fy2025 / discharge_occurrence_in_period,,state_a,state_b
measurement:dmr_form_value_id=3920701167,NM0028762,70295,2024-12-31,field_delta,"monitoring_status,evidence_status,unresolved_reason,monitoring_condition",NOT_NUMERIC_CANDIDATE,NOT_NUMERIC_CANDIDATE,UNRESOLVED_SEMANTIC,UNRESOLVED_FACTUAL,UNRESOLVED_SEMANTIC,UNRESOLVED_FACTUAL,conditional_discharge_dependent_monitoring;limit_sample_type_code;monitoring_frequency_code;permit_limit_comment_text,discharge_occurrence_in_period;limit_sample_type_code;monitoring_frequency_code,monitoring_requirement_fy2025 / discharge_occurrence_in_period,,state_a,state_b
measurement:dmr_form_value_id=3920701168,NM0028762,70295,2024-12-31,field_delta,"monitoring_status,evidence_status,unresolved_reason,monitoring_condition",NOT_NUMERIC_CANDIDATE,NOT_NUMERIC_CANDIDATE,UNRESOLVED_SEMANTIC,UNRESOLVED_FACTUAL,UNRESOLVED_SEMANTIC,UNRESOLVED_FACTUAL,conditional_discharge_dependent_monitoring;limit_sample_type_code;monitoring_frequency_code;permit_limit_comment_text,discharge_occurrence_in_period;limit_sample_type_code;monitoring_frequency_code,monitoring_requirement_fy2025 / discharge_occurrence_in_period,,state_a,state_b
measurement:dmr_form_value_id=3920701173,NM0028762,70295,2025-03-31,field_delta,"monitoring_status,evidence_status,unresolved_reason,monitoring_condition",NOT_NUMERIC_CANDIDATE,NOT_NUMERIC_CANDIDATE,UNRESOLVED_SEMANTIC,UNRESOLVED_FACTUAL,UNRESOLVED_SEMANTIC,UNRESOLVED_FACTUAL,conditional_discharge_dependent_monitoring;limit_sample_type_code;monitoring_frequency_code;permit_limit_comment_text,discharge_occurrence_in_period;limit_sample_type_code;monitoring_frequency_code,monitoring_requirement_fy2025 / discharge_occurrence_in_period,,state_a,state_b
measurement:dmr_form_value_id=3920701174,NM0028762,70295,2025-03-31,field_delta,"monitoring_status,evidence_status,unresolved_reason,monitoring_condition",NOT_NUMERIC_CANDIDATE,NOT_NUMERIC_CANDIDATE,UNRESOLVED_SEMANTIC,UNRESOLVED_FACTUAL,UNRESOLVED_SEMANTIC,UNRESOLVED_FACTUAL,conditional_discharge_dependent_monitoring;limit_sample_type_code;monitoring_frequency_code;permit_limit_comment_text,discharge_occurrence_in_period;limit_sample_type_code;monitoring_frequency_code,monitoring_requirement_fy2025 / discharge_occurrence_in_period,,state_a,state_b
measurement:dmr_form_value_id=3920701175,NM0028762,70295,2025-03-31,field_delta,"monitoring_status,evidence_status,unresolved_reason,monitoring_condition",NOT_NUMERIC_CANDIDATE,NOT_NUMERIC_CANDIDATE,UNRESOLVED_SEMANTIC,UNRESOLVED_FACTUAL,UNRESOLVED_SEMANTIC,UNRESOLVED_FACTUAL,conditional_discharge_dependent_monitoring;limit_sample_type_code;monitoring_frequency_code;permit_limit_comment_text,discharge_occurrence_in_period;limit_sample_type_code;monitoring_frequency_code,monitoring_requirement_fy2025 / discharge_occurrence_in_period,,state_a,state_b
measurement:dmr_form_value_id=3920701176,NM0028762,70295,2025-03-31,field_delta,"monitoring_status,evidence_status,unresolved_reason,monitoring_condition",NOT_NUMERIC_CANDIDATE,NOT_NUMERIC_CANDIDATE,UNRESOLVED_SEMANTIC,UNRESOLVED_FACTUAL,UNRESOLVED_SEMANTIC,UNRESOLVED_FACTUAL,conditional_discharge_dependent_monitoring;limit_sample_type_code;monitoring_frequency_code;permit_limit_comment_text,discharge_occurrence_in_period;limit_sample_type_code;monitoring_frequency_code,monitoring_requirement_fy2025 / discharge_occurrence_in_period,,state_a,state_b
measurement:dmr_form_value_id=3920701181,NM0028762,70295,2025-06-30,field_delta,"monitoring_status,evidence_status,unresolved_reason,monitoring_condition",NOT_NUMERIC_CANDIDATE,NOT_NUMERIC_CANDIDATE,UNRESOLVED_SEMANTIC,UNRESOLVED_FACTUAL,UNRESOLVED_SEMANTIC,UNRESOLVED_FACTUAL,conditional_discharge_dependent_monitoring;limit_sample_type_code;monitoring_frequency_code;permit_limit_comment_text,discharge_occurrence_in_period;limit_sample_type_code;monitoring_frequency_code,monitoring_requirement_fy2025 / discharge_occurrence_in_period,,state_a,state_b
measurement:dmr_form_value_id=3920701182,NM0028762,70295,2025-06-30,field_delta,"monitoring_status,evidence_status,unresolved_reason,monitoring_condition",NOT_NUMERIC_CANDIDATE,NOT_NUMERIC_CANDIDATE,UNRESOLVED_SEMANTIC,UNRESOLVED_FACTUAL,UNRESOLVED_SEMANTIC,UNRESOLVED_FACTUAL,conditional_discharge_dependent_monitoring;limit_sample_type_code;monitoring_frequency_code;permit_limit_comment_text,discharge_occurrence_in_period;limit_sample_type_code;monitoring_frequency_code,monitoring_requirement_fy2025 / discharge_occurrence_in_period,,state_a,state_b
measurement:dmr_form_value_id=3920701183,NM0028762,70295,2025-06-30,field_delta,"monitoring_status,evidence_status,unresolved_reason,monitoring_condition",NOT_NUMERIC_CANDIDATE,NOT_NUMERIC_CANDIDATE,UNRESOLVED_SEMANTIC,UNRESOLVED_FACTUAL,UNRESOLVED_SEMANTIC,UNRESOLVED_FACTUAL,conditional_discharge_dependent_monitoring;limit_sample_type_code;monitoring_frequency_code;permit_limit_comment_text,discharge_occurrence_in_period;limit_sample_type_code;monitoring_frequency_code,monitoring_requirement_fy2025 / discharge_occurrence_in_period,,state_a,state_b
measurement:dmr_form_value_id=3920701184,NM0028762,70295,2025-06-30,field_delta,"monitoring_status,evidence_status,unresolved_reason,monitoring_condition",NOT_NUMERIC_CANDIDATE,NOT_NUMERIC_CANDIDATE,UNRESOLVED_SEMANTIC,UNRESOLVED_FACTUAL,UNRESOLVED_SEMANTIC,UNRESOLVED_FACTUAL,conditional_discharge_dependent_monitoring;limit_sample_type_code;monitoring_frequency_code;permit_limit_comment_text,discharge_occurrence_in_period;limit_sample_type_code;monitoring_frequency_code,monitoring_requirement_fy2025 / discharge_occurrence_in_period,,state_a,state_b
measurement:dmr_form_value_id=3920701189,NM0028762,70295,2025-09-30,field_delta,"monitoring_status,evidence_status,unresolved_reason,monitoring_condition",NOT_NUMERIC_CANDIDATE,NOT_NUMERIC_CANDIDATE,UNRESOLVED_SEMANTIC,UNRESOLVED_FACTUAL,UNRESOLVED_SEMANTIC,UNRESOLVED_FACTUAL,conditional_discharge_dependent_monitoring;limit_sample_type_code;monitoring_frequency_code;permit_limit_comment_text,discharge_occurrence_in_period;limit_sample_type_code;monitoring_frequency_code,monitoring_requirement_fy2025 / discharge_occurrence_in_period,,state_a,state_b
measurement:dmr_form_value_id=3920701190,NM0028762,70295,2025-09-30,field_delta,"monitoring_status,evidence_status,unresolved_reason,monitoring_condition",NOT_NUMERIC_CANDIDATE,NOT_NUMERIC_CANDIDATE,UNRESOLVED_SEMANTIC,UNRESOLVED_FACTUAL,UNRESOLVED_SEMANTIC,UNRESOLVED_FACTUAL,conditional_discharge_dependent_monitoring;limit_sample_type_code;monitoring_frequency_code;permit_limit_comment_text,discharge_occurrence_in_period;limit_sample_type_code;monitoring_frequency_code,monitoring_requirement_fy2025 / discharge_occurrence_in_period,,state_a,state_b
measurement:dmr_form_value_id=3920701191,NM0028762,70295,2025-09-30,field_delta,"monitoring_status,evidence_status,unresolved_reason,monitoring_condition",NOT_NUMERIC_CANDIDATE,NOT_NUMERIC_CANDIDATE,UNRESOLVED_SEMANTIC,UNRESOLVED_FACTUAL,UNRESOLVED_SEMANTIC,UNRESOLVED_FACTUAL,conditional_discharge_dependent_monitoring;limit_sample_type_code;monitoring_frequency_code;permit_limit_comment_text,discharge_occurrence_in_period;limit_sample_type_code;monitoring_frequency_code,monitoring_requirement_fy2025 / discharge_occurrence_in_period,,state_a,state_b
measurement:dmr_form_value_id=3920701192,NM0028762,70295,2025-09-30,field_delta,"monitoring_status,evidence_status,unresolved_reason,monitoring_condition",NOT_NUMERIC_CANDIDATE,NOT_NUMERIC_CANDIDATE,UNRESOLVED_SEMANTIC,UNRESOLVED_FACTUAL,UNRESOLVED_SEMANTIC,UNRESOLVED_FACTUAL,conditional_discharge_dependent_monitoring;limit_sample_type_code;monitoring_frequency_code;permit_limit_comment_text,discharge_occurrence_in_period;limit_sample_type_code;monitoring_frequency_code,monitoring_requirement_fy2025 / discharge_occurrence_in_period,,state_a,state_b
measurement:dmr_form_value_id=3920701293,NM0028762,78248,2024-12-31,field_delta,"monitoring_status,evidence_status,unresolved_reason,monitoring_condition",NOT_NUMERIC_CANDIDATE,NOT_NUMERIC_CANDIDATE,UNRESOLVED_SEMANTIC,UNRESOLVED_FACTUAL,UNRESOLVED_SEMANTIC,UNRESOLVED_FACTUAL,conditional_discharge_dependent_monitoring;limit_sample_type_code;monitoring_frequency_code;permit_limit_comment_text,discharge_occurrence_in_period;limit_sample_type_code;monitoring_frequency_code,monitoring_requirement_fy2025 / discharge_occurrence_in_period,,state_a,state_b
measurement:dmr_form_value_id=3920701294,NM0028762,78248,2024-12-31,field_delta,"monitoring_status,evidence_status,unresolved_reason,monitoring_condition",NOT_NUMERIC_CANDIDATE,NOT_NUMERIC_CANDIDATE,UNRESOLVED_SEMANTIC,UNRESOLVED_FACTUAL,UNRESOLVED_SEMANTIC,UNRESOLVED_FACTUAL,conditional_discharge_dependent_monitoring;limit_sample_type_code;monitoring_frequency_code;permit_limit_comment_text,discharge_occurrence_in_period;limit_sample_type_code;monitoring_frequency_code,monitoring_requirement_fy2025 / discharge_occurrence_in_period,,state_a,state_b
measurement:dmr_form_value_id=3920701295,NM0028762,78248,2024-12-31,field_delta,"monitoring_status,evidence_status,unresolved_reason,monitoring_condition",NOT_NUMERIC_CANDIDATE,NOT_NUMERIC_CANDIDATE,UNRESOLVED_SEMANTIC,UNRESOLVED_FACTUAL,UNRESOLVED_SEMANTIC,UNRESOLVED_FACTUAL,conditional_discharge_dependent_monitoring;limit_sample_type_code;monitoring_frequency_code;permit_limit_comment_text,discharge_occurrence_in_period;limit_sample_type_code;monitoring_frequency_code,monitoring_requirement_fy2025 / discharge_occurrence_in_period,,state_a,state_b
measurement:dmr_form_value_id=3920701296,NM0028762,78248,2024-12-31,field_delta,"monitoring_status,evidence_status,unresolved_reason,monitoring_condition",NOT_NUMERIC_CANDIDATE,NOT_NUMERIC_CANDIDATE,UNRESOLVED_SEMANTIC,UNRESOLVED_FACTUAL,UNRESOLVED_SEMANTIC,UNRESOLVED_FACTUAL,conditional_discharge_dependent_monitoring;limit_sample_type_code;monitoring_frequency_code;permit_limit_comment_text,discharge_occurrence_in_period;limit_sample_type_code;monitoring_frequency_code,monitoring_requirement_fy2025 / discharge_occurrence_in_period,,state_a,state_b
measurement:dmr_form_value_id=3920701297,NM0028762,78248,2025-03-31,field_delta,"monitoring_status,evidence_status,unresolved_reason,monitoring_condition",NOT_NUMERIC_CANDIDATE,NOT_NUMERIC_CANDIDATE,UNRESOLVED_SEMANTIC,UNRESOLVED_FACTUAL,UNRESOLVED_SEMANTIC,UNRESOLVED_FACTUAL,conditional_discharge_dependent_monitoring;limit_sample_type_code;monitoring_frequency_code;permit_limit_comment_text,discharge_occurrence_in_period;limit_sample_type_code;monitoring_frequency_code,monitoring_requirement_fy2025 / discharge_occurrence_in_period,,state_a,state_b
measurement:dmr_form_value_id=3920701298,NM0028762,78248,2025-03-31,field_delta,"monitoring_status,evidence_status,unresolved_reason,monitoring_condition",NOT_NUMERIC_CANDIDATE,NOT_NUMERIC_CANDIDATE,UNRESOLVED_SEMANTIC,UNRESOLVED_FACTUAL,UNRESOLVED_SEMANTIC,UNRESOLVED_FACTUAL,conditional_discharge_dependent_monitoring;limit_sample_type_code;monitoring_frequency_code;permit_limit_comment_text,discharge_occurrence_in_period;limit_sample_type_code;monitoring_frequency_code,monitoring_requirement_fy2025 / discharge_occurrence_in_period,,state_a,state_b
measurement:dmr_form_value_id=3920701299,NM0028762,78248,2025-03-31,field_delta,"monitoring_status,evidence_status,unresolved_reason,monitoring_condition",NOT_NUMERIC_CANDIDATE,NOT_NUMERIC_CANDIDATE,UNRESOLVED_SEMANTIC,UNRESOLVED_FACTUAL,UNRESOLVED_SEMANTIC,UNRESOLVED_FACTUAL,conditional_discharge_dependent_monitoring;limit_sample_type_code;monitoring_frequency_code;permit_limit_comment_text,discharge_occurrence_in_period;limit_sample_type_code;monitoring_frequency_code,monitoring_requirement_fy2025 / discharge_occurrence_in_period,,state_a,state_b
measurement:dmr_form_value_id=3920701300,NM0028762,78248,2025-03-31,field_delta,"monitoring_status,evidence_status,unresolved_reason,monitoring_condition",NOT_NUMERIC_CANDIDATE,NOT_NUMERIC_CANDIDATE,UNRESOLVED_SEMANTIC,UNRESOLVED_FACTUAL,UNRESOLVED_SEMANTIC,UNRESOLVED_FACTUAL,conditional_discharge_dependent_monitoring;limit_sample_type_code;monitoring_frequency_code;permit_limit_comment_text,discharge_occurrence_in_period;limit_sample_type_code;monitoring_frequency_code,monitoring_requirement_fy2025 / discharge_occurrence_in_period,,state_a,state_b
measurement:dmr_form_value_id=3920701301,NM0028762,78248,2025-06-30,field_delta,"monitoring_status,evidence_status,unresolved_reason,monitoring_condition",NOT_NUMERIC_CANDIDATE,NOT_NUMERIC_CANDIDATE,UNRESOLVED_SEMANTIC,UNRESOLVED_FACTUAL,UNRESOLVED_SEMANTIC,UNRESOLVED_FACTUAL,conditional_discharge_dependent_monitoring;limit_sample_type_code;monitoring_frequency_code;permit_limit_comment_text,discharge_occurrence_in_period;limit_sample_type_code;monitoring_frequency_code,monitoring_requirement_fy2025 / discharge_occurrence_in_period,,state_a,state_b
measurement:dmr_form_value_id=3920701302,NM0028762,78248,2025-06-30,field_delta,"monitoring_status,evidence_status,unresolved_reason,monitoring_condition",NOT_NUMERIC_CANDIDATE,NOT_NUMERIC_CANDIDATE,UNRESOLVED_SEMANTIC,UNRESOLVED_FACTUAL,UNRESOLVED_SEMANTIC,UNRESOLVED_FACTUAL,conditional_discharge_dependent_monitoring;limit_sample_type_code;monitoring_frequency_code;permit_limit_comment_text,discharge_occurrence_in_period;limit_sample_type_code;monitoring_frequency_code,monitoring_requirement_fy2025 / discharge_occurrence_in_period,,state_a,state_b
measurement:dmr_form_value_id=3920701303,NM0028762,78248,2025-06-30,field_delta,"monitoring_status,evidence_status,unresolved_reason,monitoring_condition",NOT_NUMERIC_CANDIDATE,NOT_NUMERIC_CANDIDATE,UNRESOLVED_SEMANTIC,UNRESOLVED_FACTUAL,UNRESOLVED_SEMANTIC,UNRESOLVED_FACTUAL,conditional_discharge_dependent_monitoring;limit_sample_type_code;monitoring_frequency_code;permit_limit_comment_text,discharge_occurrence_in_period;limit_sample_type_code;monitoring_frequency_code,monitoring_requirement_fy2025 / discharge_occurrence_in_period,,state_a,state_b
measurement:dmr_form_value_id=3920701304,NM0028762,78248,2025-06-30,field_delta,"monitoring_status,evidence_status,unresolved_reason,monitoring_condition",NOT_NUMERIC_CANDIDATE,NOT_NUMERIC_CANDIDATE,UNRESOLVED_SEMANTIC,UNRESOLVED_FACTUAL,UNRESOLVED_SEMANTIC,UNRESOLVED_FACTUAL,conditional_discharge_dependent_monitoring;limit_sample_type_code;monitoring_frequency_code;permit_limit_comment_text,discharge_occurrence_in_period;limit_sample_type_code;monitoring_frequency_code,monitoring_requirement_fy2025 / discharge_occurrence_in_period,,state_a,state_b
measurement:dmr_form_value_id=3920701305,NM0028762,78248,2025-09-30,field_delta,"monitoring_status,evidence_status,unresolved_reason,monitoring_condition",NOT_NUMERIC_CANDIDATE,NOT_NUMERIC_CANDIDATE,UNRESOLVED_SEMANTIC,UNRESOLVED_FACTUAL,UNRESOLVED_SEMANTIC,UNRESOLVED_FACTUAL,conditional_discharge_dependent_monitoring;limit_sample_type_code;monitoring_frequency_code;permit_limit_comment_text,discharge_occurrence_in_period;limit_sample_type_code;monitoring_frequency_code,monitoring_requirement_fy2025 / discharge_occurrence_in_period,,state_a,state_b
measurement:dmr_form_value_id=3920701306,NM0028762,78248,2025-09-30,field_delta,"monitoring_status,evidence_status,unresolved_reason,monitoring_condition",NOT_NUMERIC_CANDIDATE,NOT_NUMERIC_CANDIDATE,UNRESOLVED_SEMANTIC,UNRESOLVED_FACTUAL,UNRESOLVED_SEMANTIC,UNRESOLVED_FACTUAL,conditional_discharge_dependent_monitoring;limit_sample_type_code;monitoring_frequency_code;permit_limit_comment_text,discharge_occurrence_in_period;limit_sample_type_code;monitoring_frequency_code,monitoring_requirement_fy2025 / discharge_occurrence_in_period,,state_a,state_b
measurement:dmr_form_value_id=3920701307,NM0028762,78248,2025-09-30,field_delta,"monitoring_status,evidence_status,unresolved_reason,monitoring_condition",NOT_NUMERIC_CANDIDATE,NOT_NUMERIC_CANDIDATE,UNRESOLVED_SEMANTIC,UNRESOLVED_FACTUAL,UNRESOLVED_SEMANTIC,UNRESOLVED_FACTUAL,conditional_discharge_dependent_monitoring;limit_sample_type_code;monitoring_frequency_code;permit_limit_comment_text,discharge_occurrence_in_period;limit_sample_type_code;monitoring_frequency_code,monitoring_requirement_fy2025 / discharge_occurrence_in_period,,state_a,state_b
measurement:dmr_form_value_id=3920701308,NM0028762,78248,2025-09-30,field_delta,"monitoring_status,evidence_status,unresolved_reason,monitoring_condition",NOT_NUMERIC_CANDIDATE,NOT_NUMERIC_CANDIDATE,UNRESOLVED_SEMANTIC,UNRESOLVED_FACTUAL,UNRESOLVED_SEMANTIC,UNRESOLVED_FACTUAL,conditional_discharge_dependent_monitoring;limit_sample_type_code;monitoring_frequency_code;permit_limit_comment_text,discharge_occurrence_in_period;limit_sample_type_code;monitoring_frequency_code,monitoring_requirement_fy2025 / discharge_occurrence_in_period,,state_a,state_b
